episode_name,o2o-iql_episode_reward_mean,o2o-iql_episode_reward_std,o2o-iql_episode_length_mean,o2o-iql_episode_length_std,o2o-iql_vehicle_count_mean,o2o-iql_vehicle_count_std,o2o-iql_total_waiting_time_mean,o2o-iql_total_waiting_time_std,o2o-iql_mean_waiting_time_mean,o2o-iql_mean_waiting_time_std,o2o-iql_p95_waiting_time_mean,o2o-iql_p95_waiting_time_std,o2o-iql_max_waiting_time_mean,o2o-iql_max_waiting_time_std,o2o-iql_cv_load_imbalance_mean,o2o-iql_cv_load_imbalance_std,ppo_episode_reward_mean,ppo_episode_reward_std,ppo_episode_length_mean,ppo_episode_length_std,ppo_vehicle_count_mean,ppo_vehicle_count_std,ppo_total_waiting_time_mean,ppo_total_waiting_time_std,ppo_mean_waiting_time_mean,ppo_mean_waiting_time_std,ppo_p95_waiting_time_mean,ppo_p95_waiting_time_std,ppo_max_waiting_time_mean,ppo_max_waiting_time_std,ppo_cv_load_imbalance_mean,ppo_cv_load_imbalance_std,eoi_episode_reward_mean,eoi_episode_reward_std,eoi_episode_length_mean,eoi_episode_length_std,eoi_vehicle_count_mean,eoi_vehicle_count_std,eoi_total_waiting_time_mean,eoi_total_waiting_time_std,eoi_mean_waiting_time_mean,eoi_mean_waiting_time_std,eoi_p95_waiting_time_mean,eoi_p95_waiting_time_std,eoi_max_waiting_time_mean,eoi_max_waiting_time_std,eoi_cv_load_imbalance_mean,eoi_cv_load_imbalance_std,all-no-split_episode_reward_mean,all-no-split_episode_reward_std,all-no-split_episode_length_mean,all-no-split_episode_length_std,all-no-split_vehicle_count_mean,all-no-split_vehicle_count_std,all-no-split_total_waiting_time_mean,all-no-split_total_waiting_time_std,all-no-split_mean_waiting_time_mean,all-no-split_mean_waiting_time_std,all-no-split_p95_waiting_time_mean,all-no-split_p95_waiting_time_std,all-no-split_max_waiting_time_mean,all-no-split_max_waiting_time_std,all-no-split_cv_load_imbalance_mean,all-no-split_cv_load_imbalance_std,greedy-split_episode_reward_mean,greedy-split_episode_reward_std,greedy-split_episode_length_mean,greedy-split_episode_length_std,greedy-split_vehicle_count_mean,greedy-split_vehicle_count_std,greedy-split_total_waiting_time_mean,greedy-split_total_waiting_time_std,greedy-split_mean_waiting_time_mean,greedy-split_mean_waiting_time_std,greedy-split_p95_waiting_time_mean,greedy-split_p95_waiting_time_std,greedy-split_max_waiting_time_mean,greedy-split_max_waiting_time_std,greedy-split_cv_load_imbalance_mean,greedy-split_cv_load_imbalance_std,station-assignment_episode_reward_mean,station-assignment_episode_reward_std,station-assignment_episode_length_mean,station-assignment_episode_length_std,station-assignment_vehicle_count_mean,station-assignment_vehicle_count_std,station-assignment_total_waiting_time_mean,station-assignment_total_waiting_time_std,station-assignment_mean_waiting_time_mean,station-assignment_mean_waiting_time_std,station-assignment_p95_waiting_time_mean,station-assignment_p95_waiting_time_std,station-assignment_max_waiting_time_mean,station-assignment_max_waiting_time_std,station-assignment_cv_load_imbalance_mean,station-assignment_cv_load_imbalance_std
episode_0000.csv,-17732.700171442528,906.8081534409483,436.0,0.0,436.0,0.0,17732.70019263029,906.8081802306215,40.671330261230466,2.079834442009603,111.72426300048828,9.184549766529207,150.50829010009767,14.988751282667954,0.31127469758285353,0.027948435383536682,-21860.068294715882,1495.8736684547137,436.0,0.0,436.0,0.0,21860.068281459808,1495.8735504458746,50.137770080566405,3.430903500294182,121.90009307861328,13.94792445182698,148.0916259765625,23.949972521740975,0.3477776442710119,0.02471461072957016,-23749.170226547736,0.0,436.0,0.0,436.0,0.0,23749.17022654774,0.0,54.47057342529297,0.0,153.5,0.0,196.1194305419922,0.0,0.43294049215978786,0.0,-23442.0,0.0,436.0,0.0,436.0,0.0,23442.0,0.0,53.766056060791016,0.0,153.25,0.0,192.0,0.0,0.4292163727130897,0.0,-19427.76760228392,0.0,436.0,0.0,436.0,0.0,19427.76760228392,0.0,44.55910110473633,0.0,113.37721252441406,0.0,147.5,0.0,0.24219447397162205,0.0,-19576.0,0.0,436.0,0.0,436.0,0.0,19576.0,0.0,44.89908218383789,0.0,130.0,0.0,173.0,0.0,0.32828094472159763,0.0
episode_0001.csv,-9001.228599852959,1003.6699706923431,301.0,0.0,301.0,0.0,9001.228600913286,1003.669955363883,29.904413604736327,3.3344520062064955,117.33000030517579,21.49100878279586,133.25617370605468,19.976967165167334,0.5596791336723931,0.03289460410184429,-11357.291771614551,959.5598193156613,301.0,0.0,301.0,0.0,11357.291764354706,959.5598363696485,37.73186569213867,3.1879075540408515,154.88999938964844,33.502812367737924,168.05599975585938,32.16162549470901,0.6058020834610816,0.046927710869892114,-11869.352246772387,0.0,301.0,0.0,301.0,0.0,11869.352246772387,0.0,39.43306350708008,0.0,189.0,0.0,196.0,0.0,0.6672723796507004,0.0,-12200.0,0.0,301.0,0.0,301.0,0.0,12200.0,0.0,40.53156280517578,0.0,195.0,0.0,205.0,0.0,0.675542471288046,0.0,-9334.392666125621,0.0,301.0,0.0,301.0,0.0,9334.392666125621,0.0,31.01127052307129,0.0,119.0,0.0,140.5,0.0,0.4500868513234906,0.0,-9097.0,0.0,301.0,0.0,301.0,0.0,9097.0,0.0,30.222591400146484,0.0,126.0,0.0,146.0,0.0,0.539472565017922,0.0
episode_0002.csv,-12588.39107539461,2407.115083704278,384.0,0.0,384.0,0.0,12588.391052208095,2407.115089671022,32.78226776123047,6.268528452917745,168.63937377929688,39.25447158170195,193.9244384765625,44.3814134926716,0.617053636421329,0.06963000625084803,-15800.239103916287,1767.4619620118262,384.0,0.0,384.0,0.0,15800.239095913432,1767.4619550735995,41.146454620361325,4.602766623091429,187.60097961425782,27.902405754905576,208.84866638183593,33.24409232504807,0.6283130110663039,0.05118103333056672,-17666.188717245164,0.0,384.0,0.0,384.0,0.0,17666.18871724516,0.0,46.00570297241211,0.0,249.55001831054688,0.0,292.0,0.0,0.7564418528659845,0.0,-17974.0,0.0,384.0,0.0,384.0,0.0,17974.0,0.0,46.80729293823242,0.0,252.85000610351562,0.0,292.0,0.0,0.7632552654323368,0.0,-11231.293608888538,0.0,384.0,0.0,384.0,0.0,11231.293608888534,0.0,29.24816131591797,0.0,143.0,0.0,168.5,0.0,0.4697990658193746,0.0,-11194.0,0.0,384.0,0.0,384.0,0.0,11194.0,0.0,29.15104103088379,0.0,143.95004272460938,0.0,182.0,0.0,0.5752861851715436,0.0
episode_0003.csv,-27.49947090300789,12.579089741024944,224.0,0.0,224.0,0.0,27.499470908939838,12.5790898174273,0.12276549711823463,0.05615665130324507,0.7543555796146393,0.7620676894635693,5.114621019363403,1.6732659610860663,0.26029560286607833,0.04794935221671217,-352.41826090216637,282.90749580334517,224.0,0.0,224.0,0.0,352.4182576537132,282.90748936181336,1.573295772075653,1.2629798634030087,10.965641593933105,5.990118120785401,22.224534797668458,5.179821806296975,0.3495479185811585,0.07686266817996777,-215.05,0.0,224.0,0.0,224.0,0.0,215.05,0.0,0.9600446820259094,0.0,7.1699981689453125,0.0,23.0,0.0,0.2806400088832231,0.0,-252.0,0.0,224.0,0.0,224.0,0.0,252.0,0.0,1.125,0.0,10.549972534179688,0.0,23.0,0.0,0.30202480661094333,0.0,-237.5,0.0,224.0,0.0,224.0,0.0,237.5,0.0,1.0602678060531616,0.0,10.549972534179688,0.0,23.0,0.0,0.2566751146529135,0.0,-252.0,0.0,224.0,0.0,224.0,0.0,252.0,0.0,1.125,0.0,10.549972534179688,0.0,23.0,0.0,0.30202480661094333,0.0
episode_0004.csv,-1685.5745525882537,324.56870705981123,304.0,0.0,304.0,0.0,1685.574550317228,324.56870539831226,5.544653224945068,1.0676603052672282,25.642253875732422,3.9312591367664056,40.41040954589844,5.1179016415249245,0.3075979671251767,0.028938916742729144,-3478.1947353474798,474.396306855016,304.0,0.0,304.0,0.0,3478.1947362378705,474.39630410929067,11.441429901123048,1.5605141293135014,45.182000732421876,7.323602250788153,64.87506790161133,5.372951979635267,0.34016652612912374,0.04344476081420379,-4065.415857652144,0.0,304.0,0.0,304.0,0.0,4065.415857652144,0.0,13.373078346252441,0.0,52.909584045410156,0.0,69.49427795410156,0.0,0.33873776829481367,0.0,-3856.0,0.0,304.0,0.0,304.0,0.0,3856.0,0.0,12.684210777282715,0.0,50.850006103515625,0.0,69.0,0.0,0.3162393045360258,0.0,-3173.1447396062194,0.0,304.0,0.0,304.0,0.0,3173.1447396062194,0.0,10.437975883483887,0.0,38.0,0.0,46.0,0.0,0.19392409713234054,0.0,-3856.0,0.0,304.0,0.0,304.0,0.0,3856.0,0.0,12.684210777282715,0.0,50.850006103515625,0.0,69.0,0.0,0.3162393045360258,0.0
episode_0005.csv,-916.0810977319717,245.97658778197354,204.0,0.0,204.0,0.0,916.0810950450599,245.9765862268117,4.490593671798706,1.2057674519361932,27.38699607849121,5.574850198388753,35.83360252380371,7.914130737488961,0.43573502291407074,0.11310469562928747,-4818.655912303924,1800.0453695291674,204.0,0.0,204.0,0.0,4818.655913442373,1800.0453682581965,23.620862197875976,8.823751661777955,113.93749923706055,42.43805383068319,123.46000061035156,44.44059440345751,0.80929472918698,0.1597177986855346,-6168.1,0.0,204.0,0.0,204.0,0.0,6168.1,0.0,30.23578453063965,0.0,161.0,0.0,178.0,0.0,0.9904307375823848,0.0,-6792.0,0.0,204.0,0.0,204.0,0.0,6792.0,0.0,33.29411697387695,0.0,169.0,0.0,184.0,0.0,1.0677196938415785,0.0,-3819.215541732248,0.0,204.0,0.0,204.0,0.0,3819.2155417322474,0.0,18.72164535522461,0.0,83.84999084472656,0.0,88.5,0.0,0.6149154209496912,0.0,-2145.0,0.0,204.0,0.0,204.0,0.0,2145.0,0.0,10.514705657958984,0.0,62.0,0.0,83.0,0.0,0.6449575245834415,0.0
episode_0006.csv,-10.148743027653518,9.115539448662815,116.0,0.0,116.0,0.0,10.148743224143981,9.115539638360033,0.08748916890472173,0.07858224211430233,0.0,0.0,5.873899126052857,4.4611569177123,0.38643249858288,0.027439556890825452,-34.189630794525144,14.141958083007193,116.0,0.0,116.0,0.0,34.189630794525144,14.141958083007193,0.2947382003068924,0.12191343698065887,0.04740769863128662,0.09481539726257324,11.6,3.006659275674582,0.4344998852506479,0.01998278799423198,-45.0,0.0,116.0,0.0,116.0,0.0,45.0,0.0,0.38793104887008667,0.0,0.0,0.0,14.0,0.0,0.4092381574667908,0.0,-45.0,0.0,116.0,0.0,116.0,0.0,45.0,0.0,0.38793104887008667,0.0,0.0,0.0,14.0,0.0,0.4172078673121232,0.0,-45.0,0.0,116.0,0.0,116.0,0.0,45.0,0.0,0.38793104887008667,0.0,0.0,0.0,14.0,0.0,0.41527821868448056,0.0,-45.0,0.0,116.0,0.0,116.0,0.0,45.0,0.0,0.38793104887008667,0.0,0.0,0.0,14.0,0.0,0.4172078673121232,0.0
episode_0007.csv,-8788.878765472009,575.8374444292891,469.0,0.0,469.0,0.0,8788.878770466987,575.8374477073519,18.739613342285157,1.2277979371635024,78.99000091552735,4.201623815184835,103.0,8.597500742218866,0.309060132798373,0.018478817791731595,-9249.987088850141,226.40129550605238,469.0,0.0,469.0,0.0,9249.987097756564,226.40131038802656,19.72278709411621,0.48273249050395756,89.36003723144532,22.929709576146195,112.30632781982422,28.497343530714012,0.3392459759940203,0.010084974101555155,-10287.72259682566,0.0,469.0,0.0,469.0,0.0,10287.722596825657,0.0,21.935441970825195,0.0,111.16002655029297,0.0,141.39999389648438,0.0,0.40689153844141157,0.0,-9375.0,0.0,469.0,0.0,469.0,0.0,9375.0,0.0,19.98933982849121,0.0,115.20004272460938,0.0,144.0,0.0,0.36119742387302833,0.0,-6494.75796716361,0.0,469.0,0.0,469.0,0.0,6494.757967163612,0.0,13.848097801208496,0.0,69.0,0.0,89.5,0.0,0.1707557279153919,0.0,-6283.0,0.0,469.0,0.0,469.0,0.0,6283.0,0.0,13.396588325500488,0.0,67.80001831054688,0.0,95.0,0.0,0.22418711221082172,0.0
episode_0008.csv,-3156.8695980331795,133.55655380819297,265.0,0.0,265.0,0.0,3156.8695987060664,133.55655258137426,11.912715339660645,0.5039866859638935,42.276205444335936,2.5181915935886043,60.33999938964844,5.573364534671101,0.21823599474189442,0.006888208149146369,-3564.9191631749272,456.03103930017704,265.0,0.0,265.0,0.0,3564.9191605642436,456.03103973542505,13.452525329589843,1.7208716873184868,44.15420227050781,6.720882830284172,62.08384017944336,13.895925715795222,0.25518993028909936,0.014636098919641379,-3860.1473291520865,0.0,265.0,0.0,265.0,0.0,3860.147329152086,0.0,14.566594123840332,0.0,50.0,0.0,76.0,0.0,0.2597387031545723,0.0,-3974.0,0.0,265.0,0.0,265.0,0.0,3974.0,0.0,14.99622631072998,0.0,50.0,0.0,78.0,0.0,0.25395295424901165,0.0,-3397.3288855846563,0.0,265.0,0.0,265.0,0.0,3397.3288855846567,0.0,12.820109367370605,0.0,40.600006103515625,0.0,52.0,0.0,0.18289819661887977,0.0,-3799.0,0.0,265.0,0.0,265.0,0.0,3799.0,0.0,14.335848808288574,0.0,49.0,0.0,78.0,0.0,0.23472980449798667,0.0
episode_0009.csv,-3390.6926271888947,467.7703653620796,388.0,0.0,388.0,0.0,3390.692624549009,467.77036652458,8.73889856338501,1.2055939436775096,54.91100006103515,10.428200599561338,74.96999969482422,10.706241658454152,0.4167379572042442,0.03012726639978845,-3076.3532529383897,871.5910164034809,388.0,0.0,388.0,0.0,3076.3532492771747,871.5910194163334,7.928745079040527,2.24636837784462,48.28702507019043,19.337120300651236,61.98000030517578,23.843020807165768,0.4190127178936821,0.028520087532864523,-3584.7084416835264,0.0,388.0,0.0,388.0,0.0,3584.708441683526,0.0,9.23893928527832,0.0,63.54499053955078,0.0,83.0,0.0,0.45732808321546875,0.0,-3897.0,0.0,388.0,0.0,388.0,0.0,3897.0,0.0,10.043814659118652,0.0,65.64999389648438,0.0,86.0,0.0,0.45366929543673035,0.0,-2178.5,0.0,388.0,0.0,388.0,0.0,2178.5,0.0,5.614690780639648,0.0,34.0,0.0,41.0,0.0,0.2459698724268272,0.0,-2380.0,0.0,388.0,0.0,388.0,0.0,2380.0,0.0,6.134020805358887,0.0,35.649993896484375,0.0,53.0,0.0,0.3147807533291388,0.0
episode_0010.csv,-197.94743861839143,76.73279133113807,146.0,0.0,146.0,0.0,197.94743884801863,76.73279123564149,1.3558043837547302,0.525567063204932,11.327499961853027,4.671592443345855,16.886481094360352,4.495774856353109,0.694268253289906,0.021107079302043828,-236.56237771511078,139.04797824583005,146.0,0.0,146.0,0.0,236.56237771511078,139.04797824583005,1.6202902019023895,0.9523833774501376,13.475,8.00328057736326,19.8,10.047885349664377,0.7326297452753391,0.06320575541446823,-274.6,0.0,146.0,0.0,146.0,0.0,274.6,0.0,1.880821943283081,0.0,13.0,0.0,23.0,0.0,0.7474573458703783,0.0,-350.0,0.0,146.0,0.0,146.0,0.0,350.0,0.0,2.3972601890563965,0.0,20.0,0.0,28.0,0.0,0.7837348832828596,0.0,-234.5,0.0,146.0,0.0,146.0,0.0,234.5,0.0,1.6061643362045288,0.0,13.0,0.0,16.0,0.0,0.6802615947610867,0.0,-350.0,0.0,146.0,0.0,146.0,0.0,350.0,0.0,2.3972601890563965,0.0,20.0,0.0,28.0,0.0,0.7837348832828596,0.0
episode_0011.csv,-2528.893434877598,212.43088421854415,269.0,0.0,269.0,0.0,2528.893431481719,212.43088159243246,9.401090812683105,0.7897057271570163,43.95894165039063,3.423592985321145,57.45,5.056975017006959,0.3357559355747399,0.019204380380321257,-2778.368810763955,508.55286436152403,269.0,0.0,269.0,0.0,2778.3688090413807,508.5528653560467,10.328508567810058,1.890531279699068,48.097999572753906,8.54763188046358,59.186231231689455,11.284020706730198,0.3841070815729057,0.017821500742107924,-3363.512720290768,0.0,269.0,0.0,269.0,0.0,3363.512720290768,0.0,12.503765106201172,0.0,57.0,0.0,71.0,0.0,0.4171333166260128,0.0,-3244.0,0.0,269.0,0.0,269.0,0.0,3244.0,0.0,12.059479713439941,0.0,56.59999084472656,0.0,71.0,0.0,0.40461895160884626,0.0,-2612.284057997933,0.0,269.0,0.0,269.0,0.0,2612.284057997933,0.0,9.71109390258789,0.0,41.0,0.0,51.0,0.0,0.2770147880477847,0.0,-2972.0,0.0,269.0,0.0,269.0,0.0,2972.0,0.0,11.048327445983887,0.0,53.59999084472656,0.0,71.0,0.0,0.36930272684542703,0.0
episode_0012.csv,-55.63382130140649,90.68927631624054,126.0,0.0,126.0,0.0,55.633821439743045,90.68927661925005,0.44153827279806135,0.7197561742406879,3.7,7.4,8.490000009536743,10.926591412218382,0.36983986574890015,0.060749462405774,-177.85750923156738,106.64520228735825,126.0,0.0,126.0,0.0,177.8575093269348,106.6452021637104,1.4115675330162047,0.8463905061298185,11.894999980926514,7.477405990384591,28.310000038146974,15.393972798812483,0.5012860710226491,0.05437742297353104,-192.25,0.0,126.0,0.0,126.0,0.0,192.25,0.0,1.5257936716079712,0.0,15.125,0.0,18.0,0.0,0.4921350359679551,0.0,-266.0,0.0,126.0,0.0,126.0,0.0,266.0,0.0,2.1111111640930176,0.0,18.0,0.0,42.0,0.0,0.5435481903480838,0.0,-233.0,0.0,126.0,0.0,126.0,0.0,233.0,0.0,1.8492063283920288,0.0,18.0,0.0,25.5,0.0,0.4466984080563063,0.0,-266.0,0.0,126.0,0.0,126.0,0.0,266.0,0.0,2.1111111640930176,0.0,18.0,0.0,42.0,0.0,0.5435481903480838,0.0
episode_0013.csv,-1794.9038166134642,642.6265545358906,240.0,0.0,240.0,0.0,1794.9038192510604,642.6265500466976,7.478765964508057,2.6776108539847288,44.62219085693359,21.51553245972838,54.28000030517578,21.184371294277042,0.6329036232144694,0.03878791019263162,-2584.5678583458066,953.0654620148957,240.0,0.0,240.0,0.0,2584.567857222259,953.0654604393892,10.769032859802246,3.9711059851505572,63.01299896240234,29.332639637481112,71.34000015258789,30.288320994498385,0.6688286395002188,0.06960946296142483,-3180.0,0.0,240.0,0.0,240.0,0.0,3180.0,0.0,13.25,0.0,87.05000305175781,0.0,97.0,0.0,0.7232130300471507,0.0,-3415.0,0.0,240.0,0.0,240.0,0.0,3415.0,0.0,14.229166984558105,0.0,92.0,0.0,102.0,0.0,0.7376465167030635,0.0,-1511.5,0.0,240.0,0.0,240.0,0.0,1511.5,0.0,6.297916889190674,0.0,35.525001525878906,0.0,43.5,0.0,0.51812299761689,0.0,-1961.0,0.0,240.0,0.0,240.0,0.0,1961.0,0.0,8.170833587646484,0.0,57.100006103515625,0.0,72.0,0.0,0.5977827954641061,0.0
episode_0014.csv,-1785.3630207181936,681.2787961127896,357.0,0.0,357.0,0.0,1785.3630191326142,681.2787973875163,5.001017045974732,1.908344224823222,28.63974266052246,12.047555668637775,43.045719146728516,16.78607267175249,0.21920945282027107,0.011700336070057004,-3873.690169405937,575.4018576236953,357.0,0.0,357.0,0.0,3873.690171353519,575.4018542901215,10.850672721862793,1.611769881351248,62.73363418579102,19.695258065932162,87.0637924194336,28.55012454368303,0.35942883287236843,0.0422660662939375,-4222.688772911795,0.0,357.0,0.0,357.0,0.0,4222.688772911796,0.0,11.82826042175293,0.0,74.15998840332031,0.0,115.0,0.0,0.43780444447467104,0.0,-4568.0,0.0,357.0,0.0,357.0,0.0,4568.0,0.0,12.795517921447754,0.0,81.59994506835938,0.0,123.0,0.0,0.42690881503091477,0.0,-2869.5,0.0,357.0,0.0,357.0,0.0,2869.5,0.0,8.03781509399414,0.0,45.0,0.0,61.5,0.0,0.23249768352526173,0.0,-2697.0,0.0,357.0,0.0,357.0,0.0,2697.0,0.0,7.554621696472168,0.0,44.19989013671875,0.0,76.0,0.0,0.24364676490867695,0.0
episode_0015.csv,-1089.2009319441686,363.137173422369,272.0,0.0,272.0,0.0,1089.2009309172631,363.13717380167674,4.004415082931518,1.3350631309521972,16.43847999572754,5.197920331768514,23.748325729370116,6.135656374276211,0.2955077470001331,0.034128929471779326,-1768.6377225680276,510.5779564940562,272.0,0.0,272.0,0.0,1768.63771938961,510.5779557425431,6.502344608306885,1.8771248680421355,25.36430549621582,6.830241592564086,39.11417465209961,13.877463055268082,0.3623076236688117,0.05006364800115933,-2007.2930126031738,0.0,272.0,0.0,272.0,0.0,2007.2930126031738,0.0,7.379753589630127,0.0,29.449981689453125,0.0,47.0,0.0,0.3362549445455771,0.0,-2088.0,0.0,272.0,0.0,272.0,0.0,2088.0,0.0,7.676470756530762,0.0,30.449981689453125,0.0,52.0,0.0,0.32731507678032745,0.0,-1465.0,0.0,272.0,0.0,272.0,0.0,1465.0,0.0,5.386029243469238,0.0,19.5,0.0,23.0,0.0,0.1775816323191932,0.0,-1964.0,0.0,272.0,0.0,272.0,0.0,1964.0,0.0,7.220588207244873,0.0,30.449981689453125,0.0,52.0,0.0,0.3158833372753482,0.0
episode_0016.csv,-648.6416879363974,309.03852221370204,240.0,0.0,240.0,0.0,648.6416891008615,309.03852165534664,2.7026735305786134,1.2876603906026198,19.43400020599365,9.889617654220237,28.516044425964356,11.38898071494609,0.5065323925986093,0.023574680290121098,-1074.560469467938,437.84737256707945,240.0,0.0,240.0,0.0,1074.5604708835483,437.84737083317907,4.477335357666016,1.8243640070165341,30.221475219726564,14.492250377730043,39.76519241333008,17.44356713207359,0.5562802960408442,0.014634976855949732,-1323.6,0.0,240.0,0.0,240.0,0.0,1323.6000000000001,0.0,5.514999866485596,0.0,39.0,0.0,51.0,0.0,0.5601442722032046,0.0,-1432.0,0.0,240.0,0.0,240.0,0.0,1432.0,0.0,5.9666666984558105,0.0,42.05000305175781,0.0,54.0,0.0,0.5724445595909601,0.0,-944.5,0.0,240.0,0.0,240.0,0.0,944.5,0.0,3.9354166984558105,0.0,23.0,0.0,32.5,0.0,0.44300219948121233,0.0,-1372.0,0.0,240.0,0.0,240.0,0.0,1372.0,0.0,5.7166666984558105,0.0,40.100006103515625,0.0,53.0,0.0,0.5542857740602644,0.0
episode_0017.csv,-122.59312695669757,92.81880361986934,191.0,0.0,191.0,0.0,122.59312703609467,92.81880366000651,0.6418488264083863,0.48596230848602184,4.429999995231628,3.307506618478717,8.5,3.1622776601683795,0.3209720388049649,0.018969368162626073,-211.16397591903805,161.46559103497444,191.0,0.0,191.0,0.0,211.16397591903805,161.46559103497444,1.105570563673973,0.8453695945035503,6.0,4.898979485566356,10.6,5.388877434122992,0.36662110147327004,0.04297073912165452,-300.8,0.0,191.0,0.0,191.0,0.0,300.8,0.0,1.5748690366744995,0.0,10.0,0.0,14.0,0.0,0.3398213543391996,0.0,-343.0,0.0,191.0,0.0,191.0,0.0,343.0,0.0,1.7958115339279175,0.0,10.0,0.0,15.0,0.0,0.34566504592898223,0.0,-299.0,0.0,191.0,0.0,191.0,0.0,299.0,0.0,1.565445065498352,0.0,10.0,0.0,14.0,0.0,0.26263730010140507,0.0,-343.0,0.0,191.0,0.0,191.0,0.0,343.0,0.0,1.7958115339279175,0.0,10.0,0.0,15.0,0.0,0.34566504592898223,0.0
episode_0018.csv,-13756.979160958297,929.6666130858395,352.0,0.0,352.0,0.0,13756.979163002969,929.6666126781662,39.08232650756836,2.6410975771641367,185.8439971923828,11.66540354607724,221.73999938964843,11.520000425974585,0.7117582717975032,0.028442162421276458,-13682.838087940216,2338.9797769303736,352.0,0.0,352.0,0.0,13682.838064682484,2338.979798396669,38.87169876098633,6.644829152611705,164.7339080810547,33.698124306545246,188.67999877929688,37.06446697819808,0.6610853258200686,0.08096081840813445,-15257.9322435407,0.0,352.0,0.0,352.0,0.0,15257.932243540698,0.0,43.346397399902344,0.0,203.0,0.0,239.0,0.0,0.7565856178968294,0.0,-15457.0,0.0,352.0,0.0,352.0,0.0,15457.0,0.0,43.911930084228516,0.0,207.0,0.0,242.0,0.0,0.7636299374747413,0.0,-11138.431823030867,0.0,352.0,0.0,352.0,0.0,11138.431823030867,0.0,31.643272399902344,0.0,138.7999267578125,0.0,160.5,0.0,0.5362392766217869,0.0,-8042.0,0.0,352.0,0.0,352.0,0.0,8042.0,0.0,22.846590042114258,0.0,81.599853515625,0.0,117.0,0.0,0.4696132474123486,0.0
episode_0019.csv,-5103.763931944821,1621.541647608256,282.0,0.0,282.0,0.0,5103.763929462433,1621.5416498840204,18.098453521728516,5.7501473045899125,100.4040023803711,30.074319531105516,125.9599998474121,37.83340350134528,0.5230963224539751,0.10936673003724236,-5015.042360234261,1436.7062965971875,282.0,0.0,282.0,0.0,5015.0423604667185,1436.7062854624937,17.783837509155273,5.0947026202681425,90.02099990844727,24.211698743167755,109.83000030517579,29.235554117347306,0.5239211220026279,0.049059083529060785,-6032.900953571905,0.0,282.0,0.0,282.0,0.0,6032.900953571904,0.0,21.393264770507812,0.0,116.84994506835938,0.0,148.0,0.0,0.5905032640853669,0.0,-6386.0,0.0,282.0,0.0,282.0,0.0,6386.0,0.0,22.645389556884766,0.0,123.7999267578125,0.0,154.0,0.0,0.6085373469962297,0.0,-4636.0,0.0,282.0,0.0,282.0,0.0,4636.0,0.0,16.439716339111328,0.0,81.97499084472656,0.0,96.0,0.0,0.33537838684857824,0.0,-2695.0,0.0,282.0,0.0,282.0,0.0,2695.0,0.0,9.556737899780273,0.0,56.0,0.0,74.0,0.0,0.29426313855729164,0.0
episode_0020.csv,-1412.3891525844072,509.58719251750273,270.0,0.0,270.0,0.0,1412.3891528964043,509.5871918761974,5.231070709228516,1.8873599117149238,24.213080406188965,7.965856746629553,32.424421310424805,11.943167973445178,0.521368444609708,0.11045887762274166,-5094.56253785193,2030.5421400826324,270.0,0.0,270.0,0.0,5094.562535759993,2030.542139483058,18.86874923706055,7.520525429211231,84.92566299438477,36.07789314571498,93.67000045776368,39.579851168313674,0.7078558111858944,0.11376848073340358,-8491.726113347993,0.0,270.0,0.0,270.0,0.0,8491.726113347993,0.0,31.45083999633789,0.0,153.5500030517578,0.0,177.0,0.0,0.9752881435811079,0.0,-9124.0,0.0,270.0,0.0,270.0,0.0,9124.0,0.0,33.7925910949707,0.0,158.0,0.0,182.0,0.0,1.0243006209495134,0.0,-4231.058444974987,0.0,270.0,0.0,270.0,0.0,4231.058444974986,0.0,15.670587539672852,0.0,63.5,0.0,69.0,0.0,0.6301344344833189,0.0,-3253.0,0.0,270.0,0.0,270.0,0.0,3253.0,0.0,12.048148155212402,0.0,65.55000305175781,0.0,84.0,0.0,0.6985714718888667,0.0
episode_0021.csv,-7966.932002618186,2312.7607584767948,453.0,0.0,453.0,0.0,7966.932010624558,2312.7607674066267,17.58704605102539,5.105431906088329,79.34805908203126,16.432672759374466,96.13149566650391,22.794265101841333,0.524272783289544,0.0851381066715732,-16620.165334617348,5413.527292653384,453.0,0.0,453.0,0.0,16620.165312361343,5413.5272876103,36.6891056060791,11.950391333244115,152.17711029052734,42.63555273428193,164.94000091552735,41.276343244667665,0.6300312461078806,0.11137443976271207,-23595.429590488937,0.0,453.0,0.0,453.0,0.0,23595.42959048894,0.0,52.087039947509766,0.0,241.0,0.0,272.0,0.0,0.8808050266947987,0.0,-25215.0,0.0,453.0,0.0,453.0,0.0,25215.0,0.0,55.66225051879883,0.0,251.0,0.0,281.0,0.0,0.9160382491662584,0.0,-11381.750023014329,0.0,453.0,0.0,453.0,0.0,11381.750023014327,0.0,25.125276565551758,0.0,109.0,0.0,121.5,0.0,0.42223137071450934,0.0,-6810.0,0.0,453.0,0.0,453.0,0.0,6810.0,0.0,15.033112525939941,0.0,68.39999389648438,0.0,92.0,0.0,0.48640569736506484,0.0
episode_0022.csv,-9716.577753221303,477.1689532487564,429.0,0.0,429.0,0.0,9716.577752783895,477.16894964065585,22.649364471435547,1.1122824137728329,69.3303825378418,5.656451689559913,98.34994964599609,9.567867267877018,0.2689309531087112,0.03260590421502833,-13332.939270478488,1279.1645642278281,429.0,0.0,429.0,0.0,13332.939278966189,1279.1645834047902,31.07911262512207,2.9817356500084524,98.52873229980469,18.076324815705277,130.52000122070314,20.39064691030944,0.30417833800782534,0.02451008384804018,-15588.071729084482,0.0,429.0,0.0,429.0,0.0,15588.071729084486,0.0,36.33583068847656,0.0,129.60000610351562,0.0,181.0,0.0,0.3792500695793044,0.0,-15789.0,0.0,429.0,0.0,429.0,0.0,15789.0,0.0,36.804195404052734,0.0,135.60000610351562,0.0,187.0,0.0,0.39034223177976024,0.0,-12480.026433034252,0.0,429.0,0.0,429.0,0.0,12480.026433034252,0.0,29.09096908569336,0.0,85.90000915527344,0.0,116.0,0.0,0.22005594665374734,0.0,-12756.0,0.0,429.0,0.0,429.0,0.0,12756.0,0.0,29.73426628112793,0.0,83.60000610351562,0.0,140.0,0.0,0.23014446399324842,0.0
episode_0023.csv,-30963.858735161946,3208.822081174302,528.0,0.0,528.0,0.0,30963.858727306128,3208.8220481761805,58.64366912841797,6.077312586620872,277.2157897949219,48.39580582705194,342.91542358398436,52.69434438019588,0.6161616283720286,0.05697801231116938,-32920.73515927493,2161.4597373763318,528.0,0.0,528.0,0.0,32920.73515833691,2161.4597661636953,62.34987564086914,4.09367372172992,258.90101318359376,36.73401894919545,288.5290771484375,46.64335259416962,0.5676279634452486,0.06286677429119278,-36561.02477803464,0.0,528.0,0.0,528.0,0.0,36561.02477803464,0.0,69.2443618774414,0.0,341.6499938964844,0.0,411.0,0.0,0.6866227661316849,0.0,-35924.0,0.0,528.0,0.0,528.0,0.0,35924.0,0.0,68.03787994384766,0.0,341.6499938964844,0.0,411.0,0.0,0.6927688560281506,0.0,-23613.382777353156,0.0,528.0,0.0,528.0,0.0,23613.382777353152,0.0,44.722312927246094,0.0,189.64999389648438,0.0,243.0,0.0,0.3918719124900382,0.0,-21553.0,0.0,528.0,0.0,528.0,0.0,21553.0,0.0,40.82007598876953,0.0,179.54995727539062,0.0,264.0,0.0,0.44236179275167675,0.0
episode_0024.csv,-48.27538150699567,29.847030507247492,195.0,0.0,195.0,0.0,48.275381582975385,29.84703048551964,0.24756606281735002,0.1530616967780995,1.3457740157842637,1.5963125248268681,8.080000001192094,4.283176389280443,0.27232598604113545,0.019408475214817974,-49.99074800610542,39.20854632135777,195.0,0.0,195.0,0.0,49.99074800610542,39.20854632135777,0.25636281315237286,0.20106947060754865,1.9799999713897705,1.616663206876743,7.889999997615814,5.057509271676375,0.2779142809152147,0.007487188054444875,-82.0,0.0,195.0,0.0,195.0,0.0,82.0,0.0,0.4205128252506256,0.0,3.3000030517578125,0.0,12.0,0.0,0.2690116519512071,0.0,-82.0,0.0,195.0,0.0,195.0,0.0,82.0,0.0,0.4205128252506256,0.0,3.3000030517578125,0.0,12.0,0.0,0.2719093930942652,0.0,-65.5,0.0,195.0,0.0,195.0,0.0,65.5,0.0,0.33589744567871094,0.0,2.3000030517578125,0.0,12.0,0.0,0.23863497157831973,0.0,-82.0,0.0,195.0,0.0,195.0,0.0,82.0,0.0,0.4205128252506256,0.0,3.3000030517578125,0.0,12.0,0.0,0.2719093930942652,0.0
episode_0025.csv,-67.40369927463787,86.03673158581515,192.0,0.0,192.0,0.0,67.40369928479194,86.03673160357589,0.35106092784553766,0.44810795288912636,2.3256545305252074,3.3571232193434795,9.756306743621826,9.77593726642964,0.2929868110332112,0.03237402994888443,-255.72168313637377,107.62837473090059,192.0,0.0,192.0,0.0,255.72168214395643,107.62837440115356,1.331883728504181,0.5605644340214139,8.970899230241775,4.456448341010843,24.645606231689452,11.502132092568813,0.36294561574022605,0.05806841925268977,-232.14999999999998,0.0,192.0,0.0,192.0,0.0,232.15,0.0,1.2091145515441895,0.0,9.449996948242188,0.0,18.5,0.0,0.31531590611944477,0.0,-311.0,0.0,192.0,0.0,192.0,0.0,311.0,0.0,1.6197916269302368,0.0,11.449996948242188,0.0,34.0,0.0,0.33628691356249196,0.0,-285.5,0.0,192.0,0.0,192.0,0.0,285.5,0.0,1.4869791269302368,0.0,11.449996948242188,0.0,29.0,0.0,0.2855012796464613,0.0,-311.0,0.0,192.0,0.0,192.0,0.0,311.0,0.0,1.6197916269302368,0.0,11.449996948242188,0.0,34.0,0.0,0.33628691356249196,0.0
episode_0026.csv,-14198.018283881458,1127.8451148951378,422.0,0.0,422.0,0.0,14198.018287605048,1127.8451166784164,33.64459419250488,2.6726189330164254,168.73599853515626,18.374177213496214,236.7699981689453,17.260349629951026,0.6459407432660341,0.04017430056968202,-14602.58151075244,650.2247999262048,422.0,0.0,422.0,0.0,14602.581510275602,650.2247957102957,34.60327377319336,1.5408169263967555,163.95984802246093,23.24378227764209,205.97000122070312,34.233166433411135,0.6056987611143031,0.05167460220226212,-15345.207816637578,0.0,422.0,0.0,422.0,0.0,15345.207816637574,0.0,36.36305236816406,0.0,192.89996337890625,0.0,260.0,0.0,0.6900719990660584,0.0,-15541.0,0.0,422.0,0.0,422.0,0.0,15541.0,0.0,36.8270149230957,0.0,194.84994506835938,0.0,262.0,0.0,0.6964112446737928,0.0,-11356.183078773038,0.0,422.0,0.0,422.0,0.0,11356.183078773038,0.0,26.91038703918457,0.0,131.4249725341797,0.0,176.0,0.0,0.4673561905288229,0.0,-7581.0,0.0,422.0,0.0,422.0,0.0,7581.0,0.0,17.964454650878906,0.0,73.94998168945312,0.0,131.0,0.0,0.42323979387333865,0.0
episode_0027.csv,-1192.9720777859118,263.63195010930735,243.0,0.0,243.0,0.0,1192.9720800142736,263.63194873634194,4.909349966049194,1.0849050335121269,31.159688186645507,4.363717213188951,43.93498764038086,7.238405131812834,0.5121342821396535,0.10059436147620915,-6452.985537302494,2356.161144058309,243.0,0.0,243.0,0.0,6452.98554135561,2356.1611432011127,26.555496215820312,9.696136778008855,132.46700134277344,49.792320009910895,149.04999847412108,49.17285718026026,0.8038798412796866,0.16110274612584397,-8285.85,0.0,243.0,0.0,243.0,0.0,8285.849999999999,0.0,34.098148345947266,0.0,189.1299591064453,0.0,211.5,0.0,1.0177174574808012,0.0,-9186.0,0.0,243.0,0.0,243.0,0.0,9186.0,0.0,37.802467346191406,0.0,200.69998168945312,0.0,221.0,0.0,1.0867280867125602,0.0,-4671.974784645661,0.0,243.0,0.0,243.0,0.0,4671.97478464566,0.0,19.226232528686523,0.0,89.94999694824219,0.0,101.0,0.0,0.6350398916634277,0.0,-2650.0,0.0,243.0,0.0,243.0,0.0,2650.0,0.0,10.905349731445312,0.0,67.79998779296875,0.0,86.0,0.0,0.6472224930831271,0.0
episode_0028.csv,-14284.946302175487,2240.6330790729644,516.0,0.0,516.0,0.0,14284.946290368587,2240.633099489873,27.684003829956055,4.342311476904417,100.19771423339844,11.872203102154632,134.60077209472655,13.792704348963772,0.3188857588984731,0.05011180998720423,-20457.395162191242,1435.7545361295186,516.0,0.0,516.0,0.0,20457.39517985657,1435.7545607125887,39.646113586425784,2.782468365996871,131.5864990234375,18.699565028093122,170.720263671875,26.032639453677174,0.3855911038599006,0.032628519845226245,-20799.532033289026,0.0,516.0,0.0,516.0,0.0,20799.532033289022,0.0,40.30916976928711,0.0,141.81649780273438,0.0,188.0,0.0,0.4150021818401633,0.0,-20599.0,0.0,516.0,0.0,516.0,0.0,20599.0,0.0,39.9205436706543,0.0,145.5,0.0,201.0,0.0,0.41606552778155886,0.0,-13040.777918431037,0.0,516.0,0.0,516.0,0.0,13040.777918431037,0.0,25.2728271484375,0.0,87.5,0.0,116.24854278564453,0.0,0.19077117557299977,0.0,-13404.0,0.0,516.0,0.0,516.0,0.0,13404.0,0.0,25.976743698120117,0.0,97.0,0.0,127.0,0.0,0.23065179289659396,0.0
episode_0029.csv,-19367.02383599142,1440.003555764878,514.0,0.0,514.0,0.0,19367.02382695973,1440.00355946433,37.679036712646486,2.8015633200156422,173.7205017089844,21.849448113072274,213.59687194824218,20.230707469946136,0.505797472301019,0.04176841891415865,-18206.380479466916,1931.375215778877,514.0,0.0,514.0,0.0,18206.380465042592,1931.3752285410383,35.42097206115723,3.757538347170105,143.8364501953125,35.61664715082757,165.94534301757812,42.37930782730808,0.44168708506672566,0.04793259521104283,-20888.433357206693,0.0,514.0,0.0,514.0,0.0,20888.433357206693,0.0,40.63897705078125,0.0,189.52500915527344,0.0,229.0,0.0,0.5553307037350924,0.0,-20737.0,0.0,514.0,0.0,514.0,0.0,20737.0,0.0,40.344356536865234,0.0,195.0,0.0,235.0,0.0,0.5572215635483188,0.0,-13730.19949184617,0.0,514.0,0.0,514.0,0.0,13730.19949184617,0.0,26.71245002746582,0.0,109.5,0.0,126.5,0.0,0.296953808758674,0.0,-10599.0,0.0,514.0,0.0,514.0,0.0,10599.0,0.0,20.620622634887695,0.0,67.35000610351562,0.0,82.0,0.0,0.22181676254560007,0.0
episode_0030.csv,-4031.8016087050237,1673.3940620492167,409.0,0.0,409.0,0.0,4031.801606203616,1673.3940609198005,9.85770559310913,4.091428040772206,49.89216957092285,22.94575182513031,68.5,29.68501305372797,0.32568262051377117,0.05994428593102778,-5016.296128308773,1230.9404908613765,409.0,0.0,409.0,0.0,5016.296133852005,1230.9404906193904,12.264782428741455,3.0096341964157802,59.79580535888672,24.42791172195393,77.6546028137207,30.787512730071324,0.38011796345692506,0.03283809405865997,-5625.042121080176,0.0,409.0,0.0,409.0,0.0,5625.042121080175,0.0,13.753158569335938,0.0,75.00000762939453,0.0,101.0,0.0,0.4069316501492003,0.0,-6301.0,0.0,409.0,0.0,409.0,0.0,6301.0,0.0,15.405867576599121,0.0,85.0,0.0,109.0,0.0,0.41910662607895616,0.0,-3446.4737422973335,0.0,409.0,0.0,409.0,0.0,3446.473742297334,0.0,8.426586151123047,0.0,37.30000305175781,0.0,54.0,0.0,0.20263033059059396,0.0,-3850.0,0.0,409.0,0.0,409.0,0.0,3850.0,0.0,9.413203239440918,0.0,45.600006103515625,0.0,65.0,0.0,0.26551175263041116,0.0
episode_0031.csv,-4.639999999999998,1.730433471705862,135.0,0.0,135.0,0.0,4.6400000095367435,1.7304334687298202,0.03437036983668804,0.012818025347868365,0.0,0.0,3.290000009536743,0.39547440252405486,0.4155936235730077,0.08552412603760756,-688.6100278377533,318.0731112766335,135.0,0.0,135.0,0.0,688.6100265473127,318.0731123223646,5.100815153121948,2.356097177723711,31.601034355163574,15.280276752421159,38.4,17.53396703544295,0.7429732930428703,0.0982822093989478,-687.3,0.0,135.0,0.0,135.0,0.0,687.3,0.0,5.091111183166504,0.0,33.0,0.0,43.0,0.0,0.7113138586223948,0.0,-957.0,0.0,135.0,0.0,135.0,0.0,957.0,0.0,7.088889122009277,0.0,47.0,0.0,54.0,0.0,0.8260839667448531,0.0,-598.5,0.0,135.0,0.0,135.0,0.0,598.5,0.0,4.433333396911621,0.0,28.0,0.0,32.0,0.0,0.5666368269980478,0.0,-957.0,0.0,135.0,0.0,135.0,0.0,957.0,0.0,7.088889122009277,0.0,47.0,0.0,54.0,0.0,0.8260839667448531,0.0
episode_0032.csv,-4167.58780378659,470.0106596592042,344.0,0.0,344.0,0.0,4167.587800473348,470.01065974588954,12.115080451965332,1.3663101587480846,50.909629821777344,3.6413059512847687,64.97268218994141,6.52388868242239,0.45540446565619186,0.04057373794912267,-4969.65362200737,487.13223453010767,344.0,0.0,344.0,0.0,4969.653619337082,487.13223958706345,14.446667671203613,1.4160821788861453,48.03926010131836,10.438649644310669,60.80818176269531,12.299524311120605,0.3817225970304287,0.04801955228552367,-5924.833771331663,0.0,344.0,0.0,344.0,0.0,5924.833771331662,0.0,17.22335433959961,0.0,63.70001220703125,0.0,94.87580871582031,0.0,0.3968980013340118,0.0,-6096.0,0.0,344.0,0.0,344.0,0.0,6096.0,0.0,17.720930099487305,0.0,58.0,0.0,74.0,0.0,0.38540902420069145,0.0,-4486.843479543118,0.0,344.0,0.0,344.0,0.0,4486.843479543119,0.0,13.0431489944458,0.0,45.0,0.0,62.52736282348633,0.0,0.276447785701172,0.0,-5587.0,0.0,344.0,0.0,344.0,0.0,5587.0,0.0,16.24127960205078,0.0,51.0,0.0,60.0,0.0,0.36363013581308257,0.0
episode_0033.csv,-5984.161440966423,406.87038516007925,310.0,0.0,310.0,0.0,5984.16143585369,406.8703791566617,19.3037467956543,1.3124856682373713,96.58295288085938,8.409580105632537,114.20752258300782,11.873394545687779,0.5365620101761497,0.042856238762872964,-8579.257768505811,1055.892129913733,310.0,0.0,310.0,0.0,8579.257807558775,1055.8921207835476,27.675025177001952,3.406103822470735,130.49368133544922,28.565270184844483,150.7572219848633,32.750158834807195,0.5888029510140582,0.04813326699445376,-8757.143354159238,0.0,310.0,0.0,310.0,0.0,8757.143354159238,0.0,28.248849868774414,0.0,158.39990234375,0.0,186.0,0.0,0.6231690813642932,0.0,-9135.0,0.0,310.0,0.0,310.0,0.0,9135.0,0.0,29.467741012573242,0.0,163.84991455078125,0.0,192.0,0.0,0.6473047004878743,0.0,-6180.0,0.0,310.0,0.0,310.0,0.0,6180.0,0.0,19.935483932495117,0.0,101.77499389648438,0.0,126.0,0.0,0.40096007473595663,0.0,-4862.0,0.0,310.0,0.0,310.0,0.0,4862.0,0.0,15.683871269226074,0.0,79.0,0.0,109.0,0.0,0.4492395816352613,0.0
episode_0034.csv,-553.4516848338645,113.12782995869382,291.0,0.0,291.0,0.0,553.4516847491265,113.12782983013585,1.9018958330154419,0.38875541954716,12.159550857543945,1.6617390776280068,19.0,1.0954451150103321,0.3362967226612417,0.022486687081658425,-479.3357962563634,237.931983320632,291.0,0.0,291.0,0.0,479.33579620569947,237.93198337980007,1.6472020387649535,0.8176356984943872,9.726254844665528,4.014469046787842,15.8,3.919183588453085,0.37318369861617945,0.012228073807685346,-609.4,0.0,291.0,0.0,291.0,0.0,609.4,0.0,2.094158172607422,0.0,13.0,0.0,19.0,0.0,0.33143534447262224,0.0,-681.0,0.0,291.0,0.0,291.0,0.0,681.0,0.0,2.3402061462402344,0.0,13.0,0.0,19.0,0.0,0.3731948984461301,0.0,-439.5,0.0,291.0,0.0,291.0,0.0,439.5,0.0,1.5103092193603516,0.0,12.0,0.0,18.5,0.0,0.3080065190412329,0.0,-681.0,0.0,291.0,0.0,291.0,0.0,681.0,0.0,2.3402061462402344,0.0,13.0,0.0,19.0,0.0,0.3731948984461301,0.0
episode_0035.csv,-358.9316475015722,201.9657683833352,327.0,0.0,327.0,0.0,358.9316468477249,201.96576850259024,1.097650271654129,0.6176323114838466,7.073298025131225,3.10646611356212,12.840276527404786,4.342704136810168,0.2613064270864315,0.02899315597909529,-1047.509128586203,601.3055692875507,327.0,0.0,327.0,0.0,1047.5091289021075,601.3055682464459,3.2033918380737303,1.8388549215867545,16.306974601745605,9.07177309212466,21.158477210998534,9.517722867012159,0.33663698696227046,0.09839502821346334,-961.6871821009357,0.0,327.0,0.0,327.0,0.0,961.6871821009355,0.0,2.94093918800354,0.0,19.1344051361084,0.0,31.448013305664062,0.0,0.3570588219356953,0.0,-979.0,0.0,327.0,0.0,327.0,0.0,979.0,0.0,2.9938838481903076,0.0,15.0,0.0,24.0,0.0,0.29170069437911506,0.0,-684.9234410671575,0.0,327.0,0.0,327.0,0.0,684.9234410671576,0.0,2.094567060470581,0.0,10.778266906738281,0.0,18.0,0.0,0.2727721025354315,0.0,-979.0,0.0,327.0,0.0,327.0,0.0,979.0,0.0,2.9938838481903076,0.0,15.0,0.0,24.0,0.0,0.29170069437911506,0.0
episode_0036.csv,-95.62601304633402,48.5576914494802,208.0,0.0,208.0,0.0,95.62601290941238,48.55769131591145,0.45974044501781464,0.23345043491208586,3.9711594462394713,2.9900806963831754,9.232678413391113,2.808960718114542,0.374561141163286,0.038268147594464,-172.9977273106575,64.68878624841157,208.0,0.0,208.0,0.0,172.99772729352117,64.68878619340778,0.831719845533371,0.31100378487306424,7.195942401885986,2.69568974760202,10.3,2.7129319932501073,0.47476483170418643,0.019627244895286597,-176.5,0.0,208.0,0.0,208.0,0.0,176.5,0.0,0.848557710647583,0.0,9.0,0.0,12.0,0.0,0.4217723409165334,0.0,-215.0,0.0,208.0,0.0,208.0,0.0,215.0,0.0,1.0336538553237915,0.0,9.0,0.0,12.0,0.0,0.46396274258576503,0.0,-150.5,0.0,208.0,0.0,208.0,0.0,150.5,0.0,0.723557710647583,0.0,6.0,0.0,12.0,0.0,0.44772575202684817,0.0,-215.0,0.0,208.0,0.0,208.0,0.0,215.0,0.0,1.0336538553237915,0.0,9.0,0.0,12.0,0.0,0.46396274258576503,0.0
episode_0037.csv,-31.225111091962958,23.99760389298563,225.0,0.0,225.0,0.0,31.225111336261033,23.997604166817077,0.1387782797217369,0.10665602946447887,0.8862102866172791,1.027923738935495,4.990692234039306,2.485815292601633,0.3990774693325605,0.011143670403578994,-172.11280578970909,168.37112184849232,225.0,0.0,225.0,0.0,172.11280663013457,168.3711234184254,0.7649458199739456,0.748316126808041,4.555193948745727,3.3460995830694236,10.670056581497192,4.3261311701242535,0.49897302546936123,0.09416867144824419,-102.0,0.0,225.0,0.0,225.0,0.0,102.0,0.0,0.4533333480358124,0.0,2.8000030517578125,0.0,12.0,0.0,0.4316050152192047,0.0,-119.0,0.0,225.0,0.0,225.0,0.0,119.0,0.0,0.5288888812065125,0.0,3.8000030517578125,0.0,12.0,0.0,0.4387374191888188,0.0,-119.0,0.0,225.0,0.0,225.0,0.0,119.0,0.0,0.5288888812065125,0.0,3.8000030517578125,0.0,12.0,0.0,0.4375107743352643,0.0,-119.0,0.0,225.0,0.0,225.0,0.0,119.0,0.0,0.5288888812065125,0.0,3.8000030517578125,0.0,12.0,0.0,0.4387374191888188,0.0
episode_0038.csv,-8099.290231294465,435.4633695539101,351.0,0.0,351.0,0.0,8099.290227767825,435.46337362720476,23.074900817871093,1.240635811595139,81.0770278930664,5.2089058062161975,107.87006988525391,8.956068225686739,0.3258514544642139,0.025445704299386467,-9293.153987389804,433.8812178216186,351.0,0.0,351.0,0.0,9293.153987252712,433.8812237228324,26.47622184753418,1.2361295000221688,88.34406127929688,4.298586825037659,112.29447479248047,9.252047514607119,0.33466019859262075,0.01751767791132084,-9476.689014290385,0.0,351.0,0.0,351.0,0.0,9476.689014290387,0.0,26.999113082885742,0.0,94.5,0.0,117.32849884033203,0.0,0.3520174587619518,0.0,-9116.0,0.0,351.0,0.0,351.0,0.0,9116.0,0.0,25.97150993347168,0.0,90.5,0.0,116.0,0.0,0.3262388646398016,0.0,-8175.1248214727475,0.0,351.0,0.0,351.0,0.0,8175.124821472747,0.0,23.290952682495117,0.0,72.5,0.0,102.24079132080078,0.0,0.2149944552730561,0.0,-8413.0,0.0,351.0,0.0,351.0,0.0,8413.0,0.0,23.968660354614258,0.0,82.5,0.0,101.0,0.0,0.289608873144304,0.0
episode_0039.csv,-4978.187556835257,504.47649250505833,410.0,0.0,410.0,0.0,4978.187554720044,504.4764999168637,12.141921043395996,1.2304304841700402,49.69300842285156,6.610087355501356,67.53183059692383,5.965753944833418,0.2882255025615665,0.03364976344806405,-5528.916171640158,720.6214773662268,410.0,0.0,410.0,0.0,5528.916154257953,720.6214715297222,13.485161018371581,1.7576136074415418,54.814754486083984,8.43490064362504,77.87669982910157,15.922635998639526,0.32815037707546024,0.04450871520884626,-5427.210197168065,0.0,410.0,0.0,410.0,0.0,5427.210197168064,0.0,13.23709774017334,0.0,63.40045928955078,0.0,79.0,0.0,0.30630809406979825,0.0,-6760.0,0.0,410.0,0.0,410.0,0.0,6760.0,0.0,16.487804412841797,0.0,73.54998779296875,0.0,112.0,0.0,0.36978938206364065,0.0,-4331.730818735409,0.0,410.0,0.0,410.0,0.0,4331.730818735409,0.0,10.565196990966797,0.0,42.274993896484375,0.0,55.5,0.0,0.15128098151542,0.0,-4885.0,0.0,410.0,0.0,410.0,0.0,4885.0,0.0,11.914633750915527,0.0,57.0,0.0,73.0,0.0,0.25164586885390317,0.0
episode_0040.csv,-1815.7412152636475,429.63499965617876,356.0,0.0,356.0,0.0,1815.7412165686487,429.6349989602635,5.100396776199341,1.2068398395785076,22.106847763061523,5.354007734946057,35.72022018432617,5.749429636872304,0.40634722359433406,0.05049951889560204,-2719.972205862403,343.0243531587122,356.0,0.0,356.0,0.0,2719.9722019910814,343.02433664370113,7.640371322631836,0.963551493968474,34.299676513671876,8.182346933304347,45.280722045898436,13.072561197760916,0.3923658345563261,0.05787114181262606,-2842.193521652497,0.0,356.0,0.0,356.0,0.0,2842.1935216524967,0.0,7.983689785003662,0.0,45.04901123046875,0.0,67.10116577148438,0.0,0.41294267377567445,0.0,-2914.0,0.0,356.0,0.0,356.0,0.0,2914.0,0.0,8.185393333435059,0.0,34.0,0.0,47.0,0.0,0.3978418222304162,0.0,-1798.4163048905802,0.0,356.0,0.0,356.0,0.0,1798.4163048905802,0.0,5.051731109619141,0.0,19.0,0.0,31.545705795288086,0.0,0.2656459561881006,0.0,-2840.0,0.0,356.0,0.0,356.0,0.0,2840.0,0.0,7.977528095245361,0.0,34.0,0.0,45.0,0.0,0.3893414823951574,0.0
episode_0041.csv,-385.6166552867554,273.52356292241194,280.0,0.0,280.0,0.0,385.6166546624154,273.5235616741523,1.37720228433609,0.9768698321576679,9.873818349838256,6.836850535106896,20.11665859222412,10.59723064487185,0.25554419372422066,0.05755793796315327,-1261.4274101816118,403.48826191413707,280.0,0.0,280.0,0.0,1261.4274081878364,403.4882624183867,4.505097889900208,1.4410294709091935,28.40298557281494,11.70982146854953,41.14652347564697,18.508995550519924,0.3894881822622996,0.02917103221968134,-1237.3816146926783,0.0,280.0,0.0,280.0,0.0,1237.381614692678,0.0,4.419219970703125,0.0,30.199951171875,0.0,47.0,0.0,0.3838368796949949,0.0,-1637.0,0.0,280.0,0.0,280.0,0.0,1637.0,0.0,5.846428394317627,0.0,39.34991455078125,0.0,60.0,0.0,0.3870460019669178,0.0,-859.5,0.0,280.0,0.0,280.0,0.0,859.5,0.0,3.0696427822113037,0.0,16.0,0.0,22.0,0.0,0.1874837551550457,0.0,-1448.0,0.0,280.0,0.0,280.0,0.0,1448.0,0.0,5.171428680419922,0.0,36.0999755859375,0.0,55.0,0.0,0.3502891817045146,0.0
episode_0042.csv,-211.82384130198204,154.38481806336404,207.0,0.0,207.0,0.0,211.823841150105,154.3848181156512,1.0233036041259767,0.7458204254410034,10.6060001373291,6.565070299370385,17.4,7.863841300535,0.2569290911580707,0.061309863715190864,-369.1897351980209,176.73356070662723,207.0,0.0,207.0,0.0,369.1897351294756,176.73356079306225,1.783525288105011,0.8537853454939743,17.178000259399415,7.706538836983317,25.0,9.797958971132712,0.3752515142474646,0.05283447224076907,-504.0,0.0,207.0,0.0,207.0,0.0,504.0,0.0,2.4347825050354004,0.0,20.699996948242188,0.0,33.0,0.0,0.3456910193966593,0.0,-519.0,0.0,207.0,0.0,207.0,0.0,519.0,0.0,2.507246494293213,0.0,23.699996948242188,0.0,33.0,0.0,0.3512593353082091,0.0,-440.0,0.0,207.0,0.0,207.0,0.0,440.0,0.0,2.1256039142608643,0.0,18.699996948242188,0.0,22.0,0.0,0.22535381632509147,0.0,-519.0,0.0,207.0,0.0,207.0,0.0,519.0,0.0,2.507246494293213,0.0,23.699996948242188,0.0,33.0,0.0,0.3512593353082091,0.0
episode_0043.csv,-177.15572717147103,104.44973939183258,218.0,0.0,218.0,0.0,177.1557270616293,104.44973952054765,0.8126409620046615,0.4791272299925023,6.527499961853027,3.518346276099235,12.3,5.491812087098392,0.257378993314247,0.029750892282861492,-627.5227188622579,346.0296877597864,218.0,0.0,218.0,0.0,627.5227187966927,346.02968782414945,2.878544497489929,1.5872920891101854,22.897999954223632,13.59871933324922,31.3,15.561490931141527,0.42630625103222225,0.025176196289711603,-790.5999999999999,0.0,218.0,0.0,218.0,0.0,790.5999999999999,0.0,3.626605749130249,0.0,25.0,0.0,44.0,0.0,0.4236806812883315,0.0,-913.0,0.0,218.0,0.0,218.0,0.0,913.0,0.0,4.18807315826416,0.0,34.0,0.0,44.0,0.0,0.4516939236811619,0.0,-586.0,0.0,218.0,0.0,218.0,0.0,586.0,0.0,2.6880733966827393,0.0,18.074996948242188,0.0,24.5,0.0,0.2809015280051179,0.0,-848.0,0.0,218.0,0.0,218.0,0.0,848.0,0.0,3.8899083137512207,0.0,31.0,0.0,44.0,0.0,0.4416617523379964,0.0
episode_0044.csv,-4020.300987017943,346.73921929729596,304.0,0.0,304.0,0.0,4020.3009855046867,346.7392160733008,13.224674606323243,1.1405893499227975,48.46500015258789,4.6403391931798845,59.375196838378905,8.047649680319674,0.31702423223031223,0.03641310316713334,-4547.317603039742,346.9739456391648,304.0,0.0,304.0,0.0,4547.317607535422,346.9739380445014,14.958281707763671,1.1413617362796358,49.1384994506836,10.946223819501265,65.57040252685547,8.885088274053839,0.3236501175370601,0.020769300796955686,-4876.583028734213,0.0,304.0,0.0,304.0,0.0,4876.583028734213,0.0,16.041391372680664,0.0,56.850006103515625,0.0,72.0,0.0,0.33235907378416185,0.0,-4815.0,0.0,304.0,0.0,304.0,0.0,4815.0,0.0,15.838815689086914,0.0,58.850006103515625,0.0,72.0,0.0,0.30745462732366813,0.0,-4037.794714504208,0.0,304.0,0.0,304.0,0.0,4037.794714504208,0.0,13.282218933105469,0.0,42.5,0.0,51.0,0.0,0.19385555377091507,0.0,-4612.0,0.0,304.0,0.0,304.0,0.0,4612.0,0.0,15.171052932739258,0.0,55.850006103515625,0.0,72.0,0.0,0.28815306566500204,0.0
episode_0045.csv,-5331.984360486853,1146.1194520704619,441.0,0.0,441.0,0.0,5331.984350230172,1146.1194489398226,12.090667724609375,2.59890991274384,62.879529571533205,1.4999749168317265,84.72620849609375,8.96369661484059,0.5475800592579146,0.05571940447103809,-11912.613700279593,3381.2926000064513,441.0,0.0,441.0,0.0,11912.613712912053,3381.292589903148,27.012729263305665,7.667330472348308,115.18653869628906,39.26672071224783,128.16739196777343,38.78272536298886,0.555356458934557,0.07449854772996724,-17318.923296660578,0.0,441.0,0.0,441.0,0.0,17318.923296660574,0.0,39.271934509277344,0.0,200.8000030517578,0.0,232.0,0.0,0.7879294489871964,0.0,-19244.0,0.0,441.0,0.0,441.0,0.0,19244.0,0.0,43.63718795776367,0.0,208.0,0.0,239.0,0.0,0.830921530183137,0.0,-8394.822088698022,0.0,441.0,0.0,441.0,0.0,8394.822088698027,0.0,19.035877227783203,0.0,84.5,0.0,95.0,0.0,0.36289478232902356,0.0,-5170.0,0.0,441.0,0.0,441.0,0.0,5170.0,0.0,11.723356246948242,0.0,49.0,0.0,66.0,0.0,0.36817707785844483,0.0
episode_0046.csv,-244.76700955727478,91.76293732644493,257.0,0.0,257.0,0.0,244.7670094743371,91.7629368788624,0.9524007916450501,0.35705419847817127,6.873999309539795,2.76104087964311,20.34000015258789,6.850284659158273,0.2485428501101581,0.03147172050915365,-871.4886288046837,250.82502942661557,257.0,0.0,257.0,0.0,871.488630053401,250.82502904829082,3.3910063028335573,0.9759728994005435,22.290063667297364,8.608194176121716,44.1444896697998,19.53496718520724,0.4533016295098528,0.032635239636525,-945.7,0.0,257.0,0.0,257.0,0.0,945.7,0.0,3.6797664165496826,0.0,26.0,0.0,57.0,0.0,0.3883945361507759,0.0,-1058.0,0.0,257.0,0.0,257.0,0.0,1058.0,0.0,4.116731643676758,0.0,29.0,0.0,60.0,0.0,0.42377176689201757,0.0,-717.0,0.0,257.0,0.0,257.0,0.0,717.0,0.0,2.7898833751678467,0.0,20.599998474121094,0.0,34.0,0.0,0.2734378484336589,0.0,-918.0,0.0,257.0,0.0,257.0,0.0,918.0,0.0,3.5719845294952393,0.0,28.0,0.0,54.0,0.0,0.40433536604774184,0.0
episode_0047.csv,-30.59057419995736,32.49172116236333,272.0,0.0,272.0,0.0,30.590574285387994,32.491721245543005,0.11246534530073404,0.11945485542408839,0.4271795555949211,0.8316001913826436,4.8877339363098145,3.166965864965246,0.3619383231013083,0.014827921760564215,-111.20969139933587,43.97547132394272,272.0,0.0,272.0,0.0,111.20969133973122,43.97547121829214,0.40885915160179137,0.16167452187001463,2.807593011856079,1.694525414992646,9.532945442199708,0.6938367229318956,0.45504101064498187,0.09802394607852143,-53.39999999999999,0.0,272.0,0.0,272.0,0.0,53.39999999999999,0.0,0.19632352888584137,0.0,2.0,0.0,6.25,0.0,0.3893696787917847,0.0,-77.0,0.0,272.0,0.0,272.0,0.0,77.0,0.0,0.28308823704719543,0.0,2.0,0.0,10.0,0.0,0.3855693842361485,0.0,-76.0,0.0,272.0,0.0,272.0,0.0,76.0,0.0,0.27941176295280457,0.0,2.0,0.0,10.0,0.0,0.38626915102525944,0.0,-77.0,0.0,272.0,0.0,272.0,0.0,77.0,0.0,0.28308823704719543,0.0,2.0,0.0,10.0,0.0,0.3855693842361485,0.0
episode_0048.csv,-92.85727701500645,56.008040397673376,145.0,0.0,145.0,0.0,92.85727691054345,56.008040310988406,0.6403950184583664,0.38626236489831706,5.48799991607666,4.17577010672917,11.8,4.707440918375928,0.42890872638835564,0.053015293511990906,-187.87028322219848,122.64503266925823,145.0,0.0,145.0,0.0,187.87028322219848,122.64503266925823,1.2956571191549302,0.8458278104248753,10.58400001525879,6.639595150768854,14.960000038146973,7.397729334136757,0.5108745371504414,0.02747096052205204,-224.4,0.0,145.0,0.0,145.0,0.0,224.4,0.0,1.54758620262146,0.0,13.88000202178955,0.0,16.0,0.0,0.46508113070625967,0.0,-288.0,0.0,145.0,0.0,145.0,0.0,288.0,0.0,1.9862068891525269,0.0,16.0,0.0,21.0,0.0,0.5438442031117109,0.0,-242.5,0.0,145.0,0.0,145.0,0.0,242.5,0.0,1.6724138259887695,0.0,15.800003051757812,0.0,21.0,0.0,0.43907794714609394,0.0,-288.0,0.0,145.0,0.0,145.0,0.0,288.0,0.0,1.9862068891525269,0.0,16.0,0.0,21.0,0.0,0.5438442031117109,0.0
episode_0049.csv,-1716.4132004255105,351.47072689766696,374.0,0.0,374.0,0.0,1716.4132011264562,351.47072815136704,4.589340162277222,0.9397614586502417,21.84223175048828,5.2059965332515405,27.85947036743164,5.840480486435556,0.2669870357837538,0.05539087224478283,-3141.3851626992227,737.4617707311007,374.0,0.0,374.0,0.0,3141.385155290365,737.4617701701053,8.399425601959228,1.971822900876791,37.258951568603514,10.859024880152663,46.98967971801758,11.732794580926027,0.348533003332713,0.06654000688101527,-3611.2619971000186,0.0,374.0,0.0,374.0,0.0,3611.261997100018,0.0,9.655779838562012,0.0,42.0,0.0,51.0,0.0,0.3230986542412605,0.0,-3385.0,0.0,374.0,0.0,374.0,0.0,3385.0,0.0,9.050802230834961,0.0,43.0,0.0,51.0,0.0,0.29729151456486136,0.0,-2126.9488385685927,0.0,374.0,0.0,374.0,0.0,2126.9488385685922,0.0,5.687028884887695,0.0,22.0,0.0,26.0,0.0,0.1264025594348659,0.0,-2834.0,0.0,374.0,0.0,374.0,0.0,2834.0,0.0,7.577539920806885,0.0,36.0,0.0,46.0,0.0,0.23981852327393743,0.0
